{"not_trained": "False", "lmbda_psi": [0.02, 0.36596640944480896], "other_lmbda_mrrs": [0.34480389952659607, 0.3516097366809845, 0.35154592990875244, 0.3517637848854065, 0.3567465543746948, 0.36283794045448303, 0.36596640944480896, 0.3659387528896332, 0.3649194538593292, 0.3642004430294037, 0.3622192144393921, 0.31317511200904846, 0.2928178608417511, 0.2893628776073456], "alpha": [0.99999, 0.37836432456970215], "other_alpha_mrrs": [0.16242901980876923, 0.16482679545879364, 0.16480709612369537, 0.16486893594264984, 0.16694501042366028, 0.19425837695598602, 0.2781270146369934, 0.36301755905151367, 0.3764396905899048, 0.3783199191093445, 0.37822213768959045, 0.37836432456970215, 0.3656865656375885], "num_app_valid": 17028, "num_app_train_valid": 166718}