{"0": {"not_trained": "False", "lmbda_psi": [0.0001, 0.0011938916286453605], "other_lmbda_mrrs": [0.0008505794685333967, 0.0011938916286453605, 0.00016891301493160427, 9.866336768027395e-05, 0.00025768522755242884, 0.00010916696191998199, 0.00013244431465864182, 0.00021751094027422369, 0.00029974523931741714, 0.00017091169138439, 0.0003674262552522123, 0.00026093138149008155, 0.00010365515481680632, 0.00014261143223848194], "alpha": [1e-05, 0.03263504058122635], "other_alpha_mrrs": [0.030622418969869614, 0.03263504058122635, 0.030634257942438126, 0.030622418969869614, 0.02896825410425663, 0.030605081468820572, 0.030684029683470726, 0.03257625922560692, 0.030643291771411896, 0.03251582384109497, 0.03139438480138779, 0.0023971530608832836, 0.0010066934628412127], "num_app_valid": 2, "num_app_train_valid": 3341}, "1": {"not_trained": "False", "lmbda_psi": [0.9, 0.9816902875900269], "other_lmbda_mrrs": [0.9364785552024841, 0.93845134973526, 0.9384604692459106, 0.9384562373161316, 0.938454806804657, 0.938988983631134, 0.9409328699111938, 0.9447773694992065, 0.9491827487945557, 0.951821506023407, 0.9554488658905029, 0.9802045822143555, 0.9816902875900269, 0.9816869497299194], "alpha": [0.5, 0.981830894947052], "other_alpha_mrrs": [0.07128212600946426, 0.07146286964416504, 0.07204180210828781, 0.08140748739242554, 0.27284085750579834, 0.9818297028541565, 0.981830894947052, 0.9818245768547058, 0.9818245768547058, 0.9818277359008789, 0.9818240404129028, 0.9818248748779297, 0.9816860556602478], "num_app_valid": 1010, "num_app_train_valid": 9948}, "2": {"not_trained": "False", "lmbda_psi": [1.0001, 0.7640349268913269], "other_lmbda_mrrs": [0.5788460969924927, 0.6041293144226074, 0.6041465401649475, 0.6039470434188843, 0.6042177081108093, 0.6036909818649292, 0.6050817966461182, 0.6090256571769714, 0.6171500086784363, 0.6235355138778687, 0.6293677687644958, 0.7245873212814331, 0.7584367990493774, 0.7640349268913269], "alpha": [0.99, 0.7660238146781921], "other_alpha_mrrs": [0.05727006122469902, 0.05747596174478531, 0.05952354520559311, 0.07538758218288422, 0.35694384574890137, 0.7649984359741211, 0.7658733129501343, 0.7658928036689758, 0.7660238146781921, 0.7659580707550049, 0.7656859159469604, 0.7651098370552063, 0.7637092471122742], "num_app_valid": 7774, "num_app_train_valid": 19698}, "3": {"not_trained": "False", "lmbda_psi": [0.1, 0.007269354071468115], "other_lmbda_mrrs": [0.00650090491399169, 0.006723093334585428, 0.006680864840745926, 0.006727941799908876, 0.006877068895846605, 0.006778682116419077, 0.006714825984090567, 0.006890919525176287, 0.006537916604429483, 0.007005576975643635, 0.007269354071468115, 0.007066830992698669, 0.0069596972316503525, 0.00694530364125967], "alpha": [0.001, 0.07074195891618729], "other_alpha_mrrs": [0.0706181451678276, 0.07068775594234467, 0.07065299898386002, 0.07074195891618729, 0.07066784799098969, 0.07037873566150665, 0.057561855763196945, 0.0443168580532074, 0.04423465579748154, 0.044223327189683914, 0.04426907002925873, 0.044216178357601166, 0.006696923635900021], "num_app_valid": 327, "num_app_train_valid": 3074}, "4": {"not_trained": "False", "lmbda_psi": [0.9, 0.9677917957305908], "other_lmbda_mrrs": [0.9634562730789185, 0.9638058543205261, 0.9638581871986389, 0.9637848138809204, 0.9642303586006165, 0.9646738171577454, 0.9655676484107971, 0.966341495513916, 0.9666748046875, 0.9666743278503418, 0.9667847156524658, 0.9676749110221863, 0.9677917957305908, 0.9677865505218506], "alpha": [1, 0.9677919149398804], "other_alpha_mrrs": [0.00813140906393528, 0.010573585517704487, 0.012194030918180943, 0.08226297050714493, 0.967777669429779, 0.9677774310112, 0.9677774310112, 0.9677779078483582, 0.9677774310112, 0.9677775502204895, 0.9677772521972656, 0.9677771329879761, 0.9677919149398804], "num_app_valid": 4499, "num_app_train_valid": 52220}, "5": {"not_trained": "False", "lmbda_psi": [1.0001, 0.9727616906166077], "other_lmbda_mrrs": [0.9567385911941528, 0.9577014446258545, 0.9574285745620728, 0.9574357271194458, 0.9575596451759338, 0.9579313397407532, 0.958500325679779, 0.9595268964767456, 0.9626250863075256, 0.9653729796409607, 0.9667142629623413, 0.9722028374671936, 0.9727540612220764, 0.9727616906166077], "alpha": [0.1, 0.9727752208709717], "other_alpha_mrrs": [0.02861955016851425, 0.06921929121017456, 0.07552137970924377, 0.2204909473657608, 0.9724973440170288, 0.9727752208709717, 0.9727731347084045, 0.9727725386619568, 0.9727740287780762, 0.9727728366851807, 0.9727736115455627, 0.9727721810340881, 0.97275310754776], "num_app_valid": 1816, "num_app_train_valid": 36023}, "6": {"not_trained": "False", "lmbda_psi": [0.01, 0.16713376343250275], "other_lmbda_mrrs": [0.16695952415466309, 0.16681282222270966, 0.16679497063159943, 0.16699592769145966, 0.16682077944278717, 0.16713376343250275, 0.1668713539838791, 0.16686463356018066, 0.1668877750635147, 0.16691885888576508, 0.16702531278133392, 0.16677451133728027, 0.16689622402191162, 0.16699816286563873], "alpha": [0.5, 0.3512643873691559], "other_alpha_mrrs": [0.34587398171424866, 0.34593284130096436, 0.34495460987091064, 0.34520435333251953, 0.34570106863975525, 0.34541770815849304, 0.3512643873691559, 0.343182772397995, 0.3438044488430023, 0.3431638777256012, 0.34387943148612976, 0.3412594497203827, 0.16695009171962738], "num_app_valid": 6, "num_app_train_valid": 629}, "7": {"not_trained": "False", "lmbda_psi": [0.06, 0.002183340722694993], "other_lmbda_mrrs": [0.0007238156395033002, 0.0014276677975431085, 0.0009164551738649607, 0.0003999442851636559, 0.0004941996885463595, 0.0007776740239933133, 0.0004210680490359664, 0.00048136248369701207, 0.002183340722694993, 0.0005801544757559896, 0.0005815725307911634, 0.0006699223886243999, 0.001932592480443418, 0.0005745409289374948], "alpha": [0.001, 0.2192792296409607], "other_alpha_mrrs": [0.21894487738609314, 0.2190820425748825, 0.21901345252990723, 0.2192792296409607, 0.21907545626163483, 0.21918953955173492, 0.21899618208408356, 0.2190987467765808, 0.21905384957790375, 0.21908730268478394, 0.2191651612520218, 0.21409305930137634, 0.000405270722694695], "num_app_valid": 161, "num_app_train_valid": 1474}, "8": {"not_trained": "False", "lmbda_psi": [1.0001, 0.9772348403930664], "other_lmbda_mrrs": [0.9332273006439209, 0.9347293972969055, 0.9350011348724365, 0.934732973575592, 0.9355875849723816, 0.9356430172920227, 0.9373915791511536, 0.9406725764274597, 0.9445264339447021, 0.9472295045852661, 0.9489821195602417, 0.9721683859825134, 0.9772335886955261, 0.9772348403930664], "alpha": [0.9, 0.9794038534164429], "other_alpha_mrrs": [0.24347883462905884, 0.2435084879398346, 0.24381963908672333, 0.2499884068965912, 0.3010285198688507, 0.9731289148330688, 0.9792917966842651, 0.9794038534164429, 0.9793623089790344, 0.9793493151664734, 0.9790796637535095, 0.9792044162750244, 0.9776384234428406], "num_app_valid": 3718, "num_app_train_valid": 52879}, "9": {"not_trained": "False", "lmbda_psi": [0, 0.0015481440350413322], "other_lmbda_mrrs": [0.0015481440350413322, 0.00048755656462162733, 0.0010656502563506365, 0.0007130315061658621, 0.0004707732005044818, 0.00046140115591697395, 0.0012022878509014845, 0.00040969709516502917, 0.0005402141250669956, 0.0004612028133124113, 0.0006893889512866735, 0.000739706214517355, 0.0011566471075639129, 0.000691050780005753], "alpha": [0.01, 0.006243151146918535], "other_alpha_mrrs": [0.0059861126355826855, 0.005563375540077686, 0.005271997768431902, 0.0054098935797810555, 0.006243151146918535, 0.0060660215094685555, 0.005207960028201342, 0.005183354020118713, 0.004623440559953451, 0.005537664983421564, 0.0051760547794401646, 0.002897552913054824, 0.0005691242986358702], "num_app_valid": 210, "num_app_train_valid": 1777}, "10": {"not_trained": "False", "lmbda_psi": [0.9, 0.004155686125159264],